ad_left_x,ad_left_y,ad_left_yaw,ad_left_spdms,ad_left_curv,ad_right_x,ad_right_y,ad_right_yaw,ad_right_spdms,ad_right_curv
402.068048157047,-239.663878926158,0.0259341496011357,11.1111111111111,0,402.165290316673,-243.412617909122,0.0259341496011357,11.1111111111111,0
403.178785633481,-239.635066434418,0.0259341496011357,11.1111111111111,0,403.276027793106,-243.383805417381,0.0259341496011357,11.1111111111111,0
404.289523109915,-239.606253942677,0.025934149601137,11.1111111111111,0,404.38676526954,-243.35499292564,0.025934149601137,11.1111111111111,0
405.400260586348,-239.577441450936,0.0259341496011101,11.1111111111111,0,405.497502745974,-243.3261804339,0.0259341496011101,11.1111111111111,0
406.510998062782,-239.548628959195,0.025934149601137,11.1111111111111,0,406.608240222407,-243.297367942159,0.0259341496011626,11.1111111111111,0
407.621735539216,-239.519816467455,0.0259341496011626,11.1111111111111,0,407.718977698841,-243.268555450418,0.025934149601137,11.1111111111111,0
408.732473015649,-239.491003975714,0.0259341496011101,11.1111111111111,0,408.829715175275,-243.239742958677,0.0259341496011101,11.1111111111111,0
409.843210492083,-239.462191483973,0.025934149601137,11.1111111111111,0,409.940452651708,-243.210930466937,0.025934149601137,11.1111111111111,0
410.953947968517,-239.433378992232,0.0259341496011357,11.1111111111111,0,411.051190128142,-243.182117975196,0.0259341496011357,11.1111111111111,0
412.064685444951,-239.404566500492,0.025934149601137,11.1111111111111,0,412.161927604576,-243.153305483455,0.025934149601137,11.1111111111111,0
413.175422921384,-239.375754008751,0.0259341496011357,11.1111111111111,0,413.272665081009,-243.124492991715,0.0259341496011357,11.1111111111111,0
414.286160397818,-239.34694151701,0.025934149601137,11.1111111111111,0,414.383402557443,-243.095680499974,0.025934149601137,11.1111111111111,0
415.396897874252,-239.318129025269,0.0259341496011114,11.1111111111111,0,415.494140033877,-243.066868008233,0.0259341496011114,11.1111111111111,0
416.507635350685,-239.289316533529,0.0259341496011357,11.1111111111111,0,416.60487751031,-243.038055516492,0.0259341496011612,11.1111111111111,0
417.618372827119,-239.260504041788,0.0259341496011626,11.1111111111111,0,417.715614986744,-243.009243024751,0.025934149601137,11.1111111111111,0
418.729110303553,-239.231691550047,0.0259341496011101,11.1111111111111,0,418.826352463178,-242.980430533011,0.0259341496011101,11.1111111111111,0
419.839847779986,-239.202879058306,0.025934149601137,11.1111111111111,0,419.937089939611,-242.95161804127,0.025934149601137,11.1111111111111,0
420.95058525642,-239.174066566566,0.0259341496011626,11.1111111111111,0,421.047827416045,-242.922805549529,0.0259341496011626,11.1111111111111,0
422.061322732854,-239.145254074825,0.0259341496011101,11.1111111111111,0,422.158564892479,-242.893993057788,0.0259341496011101,11.1111111111111,0
423.172060209287,-239.116441583084,0.025934149601137,11.1111111111111,0,423.269302368912,-242.865180566048,0.025934149601137,11.1111111111111,0
424.282797685721,-239.087629091343,0.025934149601137,11.1111111111111,0,424.380039845346,-242.836368074307,0.025934149601137,11.1111111111111,0
425.393535162155,-239.058816599603,0.0259341496011101,11.1111111111111,0,425.49077732178,-242.807555582566,0.0259341496011101,11.1111111111111,0
426.504272638588,-239.030004107862,0.0259341496011626,11.1111111111111,0,426.601514798213,-242.778743090826,0.0259341496011626,11.1111111111111,0
427.615010115022,-239.001191616121,0.0259341496011357,11.1111111111111,0,427.712252274647,-242.749930599085,0.0259341496011357,11.1111111111111,0
428.725747591456,-238.97237912438,0.025934149601137,11.1111111111111,0,428.822989751081,-242.721118107344,0.025934149601137,11.1111111111111,0
429.836485067889,-238.94356663264,0.0259341496011114,11.1111111111111,0,429.933727227515,-242.692305615603,0.0259341496011114,11.1111111111111,0
430.947222544323,-238.914754140899,0.0259336607000598,11.1111111111111,0,431.044464703948,-242.663493123863,0.025933660648909,11.1111111111111,0
432.057960034843,-238.885942192199,0.0258499898413448,11.1111111111111,0,432.155202194469,-242.634681175219,0.0258499079322056,11.1111111111111,0
433.168699930004,-238.857223180016,0.0255325283160136,11.1111111111111,0,433.265942091976,-242.605962254016,0.0255319517884905,11.1111111111111,0
434.279448876187,-238.828856786716,0.0249654955480351,11.1111111111111,0,434.376691054468,-242.577596501095,0.0249635686190386,11.1111111111111,0
435.390213710879,-238.801120229431,0.02414911007409,11.1111111111111,0,435.487455942578,-242.549862084176,0.0241445388003652,11.1111111111111,0
436.50100080044,-238.774290494016,0.0230574309594518,11.1111111111111,0,436.59824315522,-242.523037426462,0.0230409092067538,11.1111111111111,0
437.611816492468,-238.748673397993,0.0216958910589633,11.1111111111111,0.00120400055787506,437.709059268191,-242.497438683114,0.0216758893599534,11.1111111111111,0.00121392836577118
438.722665987831,-238.724568746126,0.0201126890986187,11.1111111111111,0.00143485226686641,438.81990924058,-242.473356250235,0.0200820128816442,11.1111111111111,0.0014481294415076
439.833552189317,-238.702222824124,0.0182811236208009,11.1111111111111,0.00166497059809093,439.93079612439,-242.451044406083,0.0182365014139238,11.1111111111111,0.00168154193664474
440.94447740537,-238.681911600199,0.016201414456722,11.1111111111111,0.00189325288460231,441.041722250946,-242.430782754016,0.0161184433929864,11.1111111111111,0.00191313345446062
442.05544244618,-238.663910820115,0.0137838228775856,11.1111111111111,0.00211954926707219,442.152688778125,-242.412874152,0.013665981427873,11.1111111111111,0.00214751794930978
443.16644769867,-238.648595950576,0.0111682030650246,11.1111111111111,0.00234908468989776,443.26369580588,-242.397690205334,0.0110421640150314,11.1111111111111,0.00238361351737217
444.277489079958,-238.636187098899,0.00832590880353518,11.1111111111111,0.00257943365716739,444.374738709734,-242.385421388715,0.00816572324534478,11.1111111111111,0.00261903675346392
445.38856112187,-238.626936200643,0.00523646000883948,11.1111111111111,0.00280783826166642,445.485812225361,-242.376348468222,0.00503643952799247,11.1111111111111,0.00285161184587003
446.499656386465,-238.621117941544,0.00189187694070171,11.1111111111111,0.00303338839156285,446.59690870776,-242.370752450663,0.001498258421195,11.1111111111111,0.00308590514951721
447.610764926283,-238.619015858411,-0.00184793261981833,11.1111111111111,0.00325764002761602,447.708017937848,-242.369087720656,-0.00217599285524411,11.1111111111111,0.00332279007861136
448.721873449444,-238.621069114432,-0.00569650448124601,11.1111111111111,0.00348686154410473,448.819125552167,-242.371505486703,-0.00608781063045527,11.1111111111111,0.00356040784517144
449.832965574247,-238.627398524164,-0.00979124179171411,11.1111111111111,0.00371589721257356,449.930215058248,-242.378269672773,-0.0102534597187458,11.1111111111111,0.00379414529123615
450.944022297914,-238.638277496842,-0.0141319246707056,11.1111111111111,0.00394204700927238,451.041266768892,-242.389662195981,-0.0148289621078761,11.1111111111111,0.00402832692416549
452.055021305133,-238.653979096397,-0.0187598291354099,11.1111111111111,0.00416470693737452,452.152254628121,-242.406138200546,-0.0195924727920813,11.1111111111111,0.00426579127939455
453.165935801754,-238.674822107697,-0.0237660867586703,11.1111111111111,0.00438678465154862,453.263151118985,-242.427906195213,-0.0245441153227318,11.1111111111111,0.00450546552684214
454.276731857578,-238.701226354594,-0.028861661447221,11.1111111111111,0.0046157918178584,454.373925958587,-242.455174656825,-0.0297505775622308,11.1111111111111,0.00474071761025307
455.387378551597,-238.733290367018,-0.0342021927218906,11.1111111111111,0.00484349916112832,455.484543796178,-242.488225930713,-0.0353663971679226,11.1111111111111,0.00497532956438609
456.497837953157,-238.771285330012,-0.0397874606173683,11.1111111111111,0.00506770926373421,456.59495844487,-242.527513677702,-0.0412272910425637,11.1111111111111,0.00521369487574501
457.608067842109,-238.815481882123,-0.0456781533106174,11.1111111111111,0.00528808461262479,457.705123438271,-242.573308721716,-0.0472232061277236,11.1111111111111,0.00545437067239616
458.718018231554,-238.866217657713,-0.0519547699967934,11.1111111111111,0.00550780656795365,458.814993528589,-242.625759340402,-0.0534749293490405,11.1111111111111,0.00569102014840136
459.827628067724,-238.923919108689,-0.058290698512013,11.1111111111111,0.00573566777889927,459.924514057903,-242.685147491266,-0.0601440720654138,11.1111111111111,0.00592640257852758
460.936849480845,-238.988649730298,-0.0648703748275896,11.1111111111111,0.00596217072597559,461.033613820802,-242.751933815694,-0.0671004630302982,11.1111111111111,0.00616564008494814
462.045620695215,-239.06067719743,-0.0716935788562161,11.1111111111111,0.00618480778956318,462.142221783081,-242.826433768178,-0.0741450985293906,11.1111111111111,0.00640701759969674
463.153874699156,-239.140268305287,-0.0788082464007193,11.1111111111111,0.00640331590682273,463.25027692144,-242.908741509712,-0.0814465306083082,11.1111111111111,0.00664469603665219
464.261534658731,-239.22774221189,-0.0863774137298427,11.1111111111111,0.00661982538020166,464.357701630268,-242.999137380067,-0.0891920123197684,11.1111111111111,0.00688128867055299
465.368500519888,-239.32359757285,-0.0939470471687646,11.1111111111111,0.00684609725453943,465.464392966062,-243.09810799078,-0.0972320043513306,11.1111111111111,0.0071214097347492
466.474708291637,-239.427829358717,-0.10175921974752,11.1111111111111,0.00707155990160432,466.570252360119,-243.205973051645,-0.105329808201095,11.1111111111111,0.00736303743822463
467.580067625429,-239.540699719835,-0.109813711227445,11.1111111111111,0.00729183456757433,467.675201428417,-243.322789446314,-0.113685397045787,11.1111111111111,0.00759645683630428
468.684482035509,-239.66246943464,-0.118110301204082,11.1111111111111,0.00749998720622792,468.779136018167,-243.448834173123,-0.12254024363606,11.1111111111111,0.00781543622521725
469.787848729424,-239.793397792907,-0.126982409778502,11.1111111111111,0.0076884653425933,469.881911214797,-243.584648999419,-0.131641933786747,11.1111111111111,0.008011227124114
470.890010193709,-239.934110032217,-0.135793886614851,11.1111111111111,0.00785734630629853,470.983404011666,-243.730495100994,-0.140789091334883,11.1111111111111,0.00817352071293833
471.990887948133,-240.084528209154,-0.144791647460179,11.1111111111111,0.0079921097777556,472.083516038136,-243.886410399346,-0.150064758231899,11.1111111111111,0.00829174264834097
473.090367211158,-240.24484552253,-0.153840825606663,11.1111111111111,0.00808622921197938,473.182135087048,-244.052523199281,-0.159654646342163,11.1111111111111,0.00837061792875234
474.188350907687,-240.415105546272,-0.162890311181243,11.1111111111111,0.00814102887863365,474.279110830162,-244.229163863831,-0.169107736722609,11.1111111111111,0.00841587793034562
475.284749634859,-240.595294771068,-0.17217096395247,11.1111111111111,0.0081653168824858,475.374367326675,-244.41616621421,-0.178391597669487,11.1111111111111,0.00843727725504645
476.379429145884,-240.785651429288,-0.181347353652296,11.1111111111111,0.00817765913669935,476.467840250267,-244.613328515664,-0.18767545826916,11.1111111111111,0.00843956492004107
477.472315285311,-240.986045042393,-0.190396839474879,11.1111111111111,0.00818386796895555,477.559436342418,-244.820633956341,-0.19732069586618,11.1111111111111,0.00843946484935243
478.563342673562,-241.196320263456,-0.19944632567455,11.1111111111111,0.00818594392905729,478.648982289859,-245.038458316639,-0.206718436836105,11.1111111111111,0.00843994362860445
479.65242252399,-241.416459975537,-0.208495811516907,11.1111111111111,0.00818398625308368,479.736432506166,-245.266512053937,-0.216002297830889,11.1111111111111,0.00844286739630224
480.739466206593,-241.646446268241,-0.217662548911856,11.1111111111111,0.00817946463361224,480.821718492457,-245.504651515916,-0.22528615827848,11.1111111111111,0.00843913542395477
481.824356567713,-241.88638752304,-0.226952853998413,11.1111111111111,0.00817693177771407,481.904747687904,-245.752856397824,-0.23498674536963,11.1111111111111,0.00843934443537271
482.906970790234,-242.13639718872,-0.236002339546923,11.1111111111111,0.00818222136564082,482.985318278506,-246.011555467207,-0.244329136965444,11.1111111111111,0.00844005394558997
483.98727751792,-242.39619340804,-0.245051825706328,11.1111111111111,0.00818594548103607,484.063424141715,-246.280338029615,-0.253612997984912,11.1111111111111,0.0084435620252005
485.065188837492,-242.665755031162,-0.254101311742054,11.1111111111111,0.00818564467537505,485.138988177042,-246.559117833778,-0.262896858257048,11.1111111111111,0.00844006884245905
486.140617028368,-242.945060122769,-0.263154133914554,11.1111111111111,0.0081818298077569,486.211918652123,-246.847871110732,-0.272652794843532,11.1111111111111,0.00843987693021148
487.213473588358,-243.234089539405,-0.272558354480731,11.1111111111111,0.00817799660927876,487.281981055866,-247.147077922484,-0.281939837107955,11.1111111111111,0.0084400617857597
488.283564645684,-243.53319540487,-0.281607839680832,11.1111111111111,0.00818194926469565,488.349217709575,-247.456209142964,-0.291223698128737,11.1111111111111,0.00844361174641599
489.350904266477,-243.841972402807,-0.290657325725578,11.1111111111111,0.00818572864921174,489.413538530507,-247.775234990813,-0.300559725713302,11.1111111111111,0.00844012824182872
490.415405593913,-244.160395394523,-0.299706811880305,11.1111111111111,0.00818593433164179,490.474835322435,-248.104183550612,-0.310266676832297,11.1111111111111,0.00843936454814347
491.476981999508,-244.488438465459,-0.308756297410484,11.1111111111111,0.00818213114386829,491.53288903658,-248.443418394294,-0.31955053726094,11.1111111111111,0.00843908400764689
492.535547090022,-244.826074927259,-0.318053276483252,11.1111111111111,0.00817686439166007,492.587746997538,-248.792461038268,-0.328834398259712,11.1111111111111,0.00844296640735197
493.590927684166,-245.17353818081,-0.327213339900202,11.1111111111111,0.00817964201064135,493.639319242454,-249.151281708812,-0.338225775213824,11.1111111111111,0.0084400154407879
494.643080714098,-245.530653889589,-0.336262825755973,11.1111111111111,0.00818411494575533,494.687475930299,-249.519962328319,-0.34787737683825,11.1111111111111,0.00843943595563033
495.691958472126,-245.897276107809,-0.345312311955347,11.1111111111111,0.00818594366483891,495.732025397795,-249.898741974287,-0.357161237421641,11.1111111111111,0.00843967975576002
496.737475602269,-246.273374995638,-0.354361797763925,11.1111111111111,0.00818374852790631,496.773012690819,-250.287202358038,-0.366445098375164,11.1111111111111,0.00844228094896919
497.779547018859,-246.658919950983,-0.363544861442947,11.1111111111111,0.00817912561737623,497.810349029002,-250.685310345968,-0.375891824735908,11.1111111111111,0.00843989563123042
498.818034539544,-247.054018105032,-0.372818840228813,11.1111111111111,0.00817727155449333,498.843878766552,-251.093200033354,-0.385488076872489,11.1111111111111,0.00843954688235729
499.852813071852,-247.45872994372,-0.381868325821114,11.1111111111111,0.00818245877118549,499.873446595131,-251.510988731049,-0.39477193758733,11.1111111111111,0.00844037500025984
500.883886169766,-247.87278902346,-0.390917811990855,11.1111111111111,0.00818594528992616,500.899090863257,-251.938317419967,-0.404055798472379,11.1111111111111,0.00844159536049204
501.911169927564,-248.296161641285,-0.399967298003428,11.1111111111111,0.00818540702186321,501.920724098482,-252.375149653427,-0.413557874270325,11.1111111111111,0.0084397756898478
502.934580744338,-248.728813345102,-0.409036446434568,11.1111111111111,0.00818149086277138,502.938160787727,-252.821669799597,-0.423098776932319,11.1111111111111,0.00843965767619295
503.954026548023,-249.170728941751,-0.418424340690053,11.1111111111111,0.00817782916815546,503.951290774925,-253.277876625702,-0.432382637755355,11.1111111111111,0.00844107011071317
504.969278802351,-249.622195360209,-0.427473825944737,11.1111111111111,0.00818198230477173,504.960141361819,-253.743469211363,-0.441666498548603,11.1111111111111,0.008440909641984
505.980403171029,-250.082830298712,-0.436523312010415,11.1111111111111,0.00818576069946514,505.964626507468,-254.218407848319,-0.451223923807941,11.1111111111111,0.00843965561666772
506.987317373325,-250.552596261346,-0.445572798152725,11.1111111111111,0.00818589876739408,506.964526878151,-254.702925047629,-0.460709477015052,11.1111111111111,0.00843976833709562
507.989939467196,-251.031455017761,-0.454622283636836,11.1111111111111,0.00818209691166221,507.959786070866,-255.196904741845,-0.46999333792297,11.1111111111111,0.00844176508702641
508.988187855809,-251.519367606215,-0.463935589013071,11.1111111111111,0.00817703664047066,508.95041607254,-255.700102696855,-0.479277198601096,11.1111111111111,0.00844022379355912
509.98184909941,-252.016555972759,-0.473079326150416,11.1111111111111,0.00817998169888885,509.936332395302,-256.212475998919,-0.488889973339663,11.1111111111111,0.00843953541171306
510.970922149355,-252.522808919702,-0.48212881203777,11.1111111111111,0.0081843522643263,510.917278052091,-256.734302947617,-0.49832017711796,11.1111111111111,0.00843987886505137
511.955372968367,-253.037991374202,-0.491178298235354,11.1111111111111,0.00818594339013486,511.893258773254,-257.265356825291,-0.507604038087511,11.1111111111111,0.00844245992909759
512.935121443911,-253.562061407268,-0.500227784008573,11.1111111111111,0.00818351079247929,512.864267056191,-257.805448434664,-0.516887898627099,11.1111111111111,0.00843952901688327
513.91008784168,-254.094976375032,-0.509427173974691,11.1111111111111,0.00817878659095199,513.830220085464,-258.35453171715,-0.526556022856338,11.1111111111111,0.00843675311825251
514.880110965341,-254.636837988346,-0.518684826461876,11.1111111111111,0.00817758828462558,514.790819519843,-258.912928188263,-0.535930877238339,11.1111111111111,0.00842345679943841
515.845075958487,-255.187656237406,-0.527734312096463,11.1111111111111,0.00818008634126227,515.746141359348,-259.480305128571,-0.545214738246109,11.1111111111111,0.00839065275329912
516.805016275376,-255.747183894183,-0.53678379827514,11.1111111111111,0.00817014123517051,516.696154542173,-260.056526496334,-0.554498315223235,11.1111111111111,0.00831858923863849
517.759853799817,-256.315375418363,-0.54583328426288,11.1111111111111,0.00813539291039941,517.640778208901,-260.641542885967,-0.564136723302552,11.1111111111111,0.00821031214371511
518.709510826076,-256.892184572759,-0.554918017583811,11.1111111111111,0.00806754378539297,518.579719648307,-261.235636749107,-0.573129188683134,11.1111111111111,0.00806177659131758
519.653889276399,-257.477597619312,-0.564207368647628,11.1111111111111,0.00796460888343097,519.513280392528,-261.838149595428,-0.581827671609461,11.1111111111111,0.00788017757087584
520.592789044694,-258.071758003418,-0.572948548665889,11.1111111111111,0.00783218982191036,520.441565132091,-262.448760235816,-0.590269221700745,11.1111111111111,0.00766236989580545
521.526458841419,-258.674102349736,-0.581448086865592,11.1111111111111,0.00766424201531097,521.364663204639,-263.067185756554,-0.598850503221833,11.1111111111111,0.00742917051672848
522.454975301988,-259.284360589598,-0.589705762954807,11.1111111111111,0.00746599285211306,522.282420683353,-263.693509919427,-0.606750622986398,11.1111111111111,0.00719015331740524
523.378421235819,-259.902265583783,-0.597721356821841,11.1111111111111,0.00724796914215523,523.195201152852,-264.327064588407,-0.614393366212976,11.1111111111111,0.00695588686323862
524.296885416735,-260.527553116611,-0.605757314131572,11.1111111111111,0.00702314932121749,524.103113111132,-264.96757697087,-0.621785820881873,11.1111111111111,0.0067132443083107
525.210295442964,-261.160201279335,-0.61331501830668,11.1111111111111,0.0068072380055726,525.006265991653,-265.61478395152,-0.62925002380654,11.1111111111111,0.00647246344981593
526.11889778968,-261.799734400359,-0.620585744738969,11.1111111111111,0.00658936193531675,525.904563050345,-266.268714285315,-0.636097866694977,11.1111111111111,0.00623355850514686
527.022826234119,-262.445856717606,-0.62761340132783,11.1111111111111,0.00636724009337615,526.798360810624,-266.928780444288,-0.642689322256119,11.1111111111111,0.00600043616642732
527.922191921377,-263.098315709313,-0.634397768126542,11.1111111111111,0.0061411142586664,527.687788547105,-267.59472376807,-0.649024609800852,11.1111111111111,0.00575943924880395
528.817110929628,-263.756861637696,-0.641133308781516,11.1111111111111,0.00591361627571069,528.572980008653,-268.266288840945,-0.655382286797014,11.1111111111111,0.00551914213923009
529.707574225578,-264.421420507635,-0.647480886955981,11.1111111111111,0.00569466895030254,529.453884169001,-268.943468183025,-0.661190952830552,11.1111111111111,0.00528111513848334
530.593801163836,-265.0916181556,-0.653516158489021,11.1111111111111,0.00547507308843216,530.330839825061,-269.625752828313,-0.666735572667703,11.1111111111111,0.00504837817281613
531.475967128475,-265.767152160075,-0.659307152336527,11.1111111111111,0.00525152881010803,531.203999120621,-270.312889432624,-0.672025013969533,11.1111111111111,0.00480929514559538
532.354206492948,-266.447783568442,-0.664853648690869,11.1111111111111,0.00502427665037715,532.073511979293,-271.004635190042,-0.677257946214061,11.1111111111111,0.00456955274266416
533.228657600582,-267.133275910128,-0.67031649607277,11.1111111111111,0.0047955693349261,532.939393228217,-271.700921667978,-0.682049914078359,11.1111111111111,0.00433219567300047
534.099351099445,-267.823535119875,-0.675409615621338,11.1111111111111,0.00457402547402197,533.80192791644,-272.401349370602,-0.686552150039895,11.1111111111111,0.00409991377395297
534.966517700834,-268.518219866134,-0.680202788976468,11.1111111111111,0.00435225556638628,534.661300448371,-273.105653349754,-0.690800196872263,11.1111111111111,0.00386300540007528
535.830344616236,-269.217053102002,-0.684750476763341,11.1111111111111,0.00412683736805306,535.517673522925,-273.813601786421,-0.694913917422036,11.1111111111111,0.00362429185533311
536.690984677029,-269.919807629281,-0.689052459276155,11.1111111111111,0.00389825018300967,536.371127180292,-274.525067204757,-0.698694782786134,11.1111111111111,0.00338778940889585
537.548593785667,-270.626258298505,-0.693252063373044,11.1111111111111,0.00366896892601123,537.221884807996,-275.239754339495,-0.702159086632652,11.1111111111111,0.00315548306772897
538.40322862794,-271.336304429833,-0.69706466480992,11.1111111111111,0.00344540382681179,538.070161477632,-275.957384492679,-0.705370190689103,11.1111111111111,0.00292068378092942
539.255150115627,-272.049603752275,-0.700609096574735,11.1111111111111,0.00322094049823546,538.916129507099,-276.677734943385,-0.708380246366908,11.1111111111111,0.00268347742692055
540.104538053302,-272.765918196435,-0.703906834879958,11.1111111111111,0.00299333675094476,539.759925514198,-277.400628624936,-0.711145590967083,11.1111111111111,0.00244792534969385
540.951559265545,-273.485029890041,-0.706970091001333,11.1111111111111,0.00276339805357719,540.601719291779,-278.125852964449,-0.713576414372581,11.1111111111111,0.00221543378456755
541.796373817143,-274.206732962416,-0.709872766139494,11.1111111111111,0.00253402391612711,541.441747711203,-278.853121428158,-0.715755027276809,11.1111111111111,0.00198242290158447
542.639090000526,-274.930885262512,-0.71240949451214,11.1111111111111,0.00230842313674569,542.280189759152,-279.582218311037,-0.717686978541019,11.1111111111111,0.00174762633769635
543.479966496194,-275.657172971925,-0.714698541163453,11.1111111111111,0.00208105780440674,543.117221732737,-280.31293372177,-0.719422370304392,11.1111111111111,0.00151296965603488
544.319178326297,-276.385383619213,-0.716739686460207,11.1111111111111,0.00185144104956064,543.952984405878,-281.045100642117,-0.720824164854103,11.1111111111111,0.00128008622848046
545.156902090298,-277.115305758087,-0.718562136747056,11.1111111111111,0.00162063788233746,544.787719923179,-281.77843842132,-0.721974738157337,11.1111111111111,0.00104843274711321
545.993294268727,-277.846753439072,-0.720131656650401,11.1111111111111,0.00139076341068401,545.621611153546,-282.512736160681,-0.722874310048442,11.1111111111111,0
546.828537422933,-278.579512976612,-0.721407564212615,11.1111111111111,0.00116270106688474,546.454841517325,-283.24778376941,-0.723535001057253,11.1111111111111,0
547.66284498145,-279.313337625741,-0.722434582128186,11.1111111111111,0,547.287586075259,-283.983381739017,-0.72392236932497,11.1111111111111,0
548.496398472751,-280.048018757422,-0.723212490777851,11.1111111111111,0,548.120045630821,-284.719302238793,-0.724057340269197,11.1111111111111,0
549.329380218031,-280.783348113697,-0.723752085382239,11.1111111111111,0,548.952405853413,-285.455335091926,-0.724065850398988,11.1111111111111,0
550.161965074115,-281.519126845789,-0.724014089754181,11.1111111111111,0,549.784759812304,-286.191375028582,-0.724065850398775,11.1111111111111,0
550.994357129038,-282.255123697615,-0.724065562235176,11.1111111111111,0,550.617113771195,-286.927414965239,-0.72406585039892,11.1111111111111,0
551.826711300029,-282.991163394418,-0.724065850398814,11.1111111111111,0,551.449467730085,-287.663454901895,-0.724065850398881,11.1111111111111,0
552.65906525892,-283.727203331074,-0.724065850398881,11.1111111111111,0,552.281821688976,-288.399494838552,-0.724065850398775,11.1111111111111,0
553.491419217811,-284.463243267731,-0.724065850398881,11.1111111111111,0,553.114175647867,-289.135534775208,-0.724065850398881,11.1111111111111,0
554.323773176702,-285.199283204387,-0.724065850398843,11.1111111111111,0,553.946529606758,-289.871574711865,-0.724065850398949,11.1111111111111,0
555.156127135593,-285.935323141044,-0.724065850398814,11.1111111111111,0,554.778883565649,-290.607614648521,-0.724065850398814,11.1111111111111,0
555.988481094484,-286.6713630777,-0.724065850399026,11.1111111111111,0,555.61123752454,-291.343654585178,-0.724065850398881,11.1111111111111,0
556.820835053374,-287.407403014357,-0.724065850398737,11.1111111111111,0,556.443591483431,-292.079694521834,-0.724065850398881,11.1111111111111,0
557.653189012265,-288.143442951013,-0.724065850398881,11.1111111111111,0,557.275945442321,-292.815734458491,-0.724065850398881,11.1111111111111,0
558.485542971156,-288.879482887669,-0.724065850398881,11.1111111111111,0,558.108299401212,-293.551774395147,-0.724065850398814,11.1111111111111,0
559.317896930047,-289.615522824326,-0.724065850398881,11.1111111111111,0,558.940653360103,-294.287814331804,-0.724065850398881,11.1111111111111,0
560.150250888938,-290.351562760982,-0.72406585039892,11.1111111111111,0,559.773007318994,-295.02385426846,-0.724065850398881,11.1111111111111,0
560.982604847829,-291.087602697639,-0.724065850398775,11.1111111111111,0,560.605361277885,-295.759894205117,-0.724065850398881,11.1111111111111,0
561.81495880672,-291.823642634295,-0.724065850398843,11.1111111111111,0,561.437715236776,-296.495934141773,-0.724065850398843,11.1111111111111,0
562.64731276561,-292.559682570952,-0.72406585039892,11.1111111111111,0,562.270069195667,-297.23197407843,-0.72406585039892,11.1111111111111,0
563.479666724501,-293.295722507608,-0.724065850398881,11.1111111111111,0,563.102423154558,-297.968014015086,-0.724065850398775,11.1111111111111,0
564.312020683392,-294.031762444265,-0.724065850398843,11.1111111111111,0,563.934777113448,-298.704053951743,-0.72406585039892,11.1111111111111,0
565.144374642283,-294.767802380921,-0.724065850398881,11.1111111111111,0,564.767131072339,-299.440093888399,-0.724065850398881,11.1111111111111,0
565.976728601174,-295.503842317578,-0.72406585039892,11.1111111111111,0,565.59948503123,-300.176133825056,-0.724065850398843,11.1111111111111,0
566.809082560065,-296.239882254234,-0.724065850398843,11.1111111111111,0,566.431838990121,-300.912173761712,-0.724065850398775,11.1111111111111,0
567.641436518956,-296.975922190891,-0.724065850398814,11.1111111111111,0,567.264192949012,-301.648213698368,-0.72406585039892,11.1111111111111,0
568.473790477846,-297.711962127547,-0.724065850398805,11.1111111111111,0,568.096546907903,-302.384253635025,-0.724065850398949,11.1111111111111,0
569.306144436737,-298.448002064204,-0.724065850398958,11.1111111111111,0,568.928900866794,-303.120293571681,-0.724065850398814,11.1111111111111,0
570.138498395628,-299.18404200086,-0.724065850398881,11.1111111111111,0,569.761254825685,-303.856333508338,-0.724065850385656,11.1111111111111,0
570.970852354519,-299.920081937517,-0.724065850398775,11.1111111111111,0,570.593608784585,-304.592373444983,-0.724113665037401,11.1111111111111,0
571.80320631341,-300.656121874173,-0.724065850398881,11.1111111111111,0,571.425927546829,-305.328453177546,-0.724904104968366,11.1111111111111,0.00156448894582815
572.635560272301,-301.39216181083,-0.724067060219003,11.1111111111111,0,572.257664131528,-306.065190497666,-0.727194178950291,11.1111111111111,0.00250057188464289
573.467913340712,-302.128202754482,-0.724325192814361,11.1111111111111,0.00114115805687376,573.087711098126,-306.803830395083,-0.731180198716615,11.1111111111111,0.00365444815462014
574.300076359655,-302.864458508434,-0.725772329690447,11.1111111111111,0.00193353784300772,573.914806697492,-307.545772508106,-0.736605907279971,11.1111111111111,0.00496453317312729
575.131172871834,-303.601917591382,-0.728749970452953,11.1111111111111,0.00293707771540351,574.737863694447,-308.29219045422,-0.743566669281656,11.1111111111111,0.00635869700583633
575.960069510162,-304.341847836446,-0.733377773587097,11.1111111111111,0.00410567895552538,575.555704320195,-309.044318606291,-0.752183609500535,11.1111111111111,0.00778980489039495
576.785532431108,-305.085605572448,-0.739372646190133,11.1111111111111,0.00539084279362019,576.367032903378,-309.80346536119,-0.762742403197831,11.1111111111111,0.00923639768264768
577.606520822711,-305.834297556065,-0.74682830031126,11.1111111111111,0.00672156249585037,577.170299234697,-310.571134856501,-0.774513737362454,11.1111111111111,0.0106840316639188
578.42190340632,-306.589088704847,-0.755736805551868,11.1111111111111,0.00804788421904151,577.964471352654,-311.348204237186,-0.787855622556146,11.1111111111111,0.0121296732252462
579.230528835764,-307.351112867354,-0.766090230876889,11.1111111111111,0.00935587867660965,578.748204417757,-312.135798783492,-0.803271571456469,11.1111111111111,0.0135948498694053
580.031221266283,-308.121467850435,-0.778362248986221,11.1111111111111,0.0106446589716194,579.519701692308,-312.935379567854,-0.820330477602165,11.1111111111111,0.0150585835501884
580.822398503904,-308.901589381967,-0.791673185742599,11.1111111111111,0.0119152318291994,580.277444522142,-313.748001186069,-0.838607192501531,11.1111111111111,0.0165096163136895
581.603119003989,-309.69216996085,-0.806395712366788,11.1111111111111,0.0131778114114402,581.020206793338,-314.574332273014,-0.858671737092038,11.1111111111111,0.0179920703544801
582.372113418806,-310.494155962669,-0.822527487379523,11.1111111111111,0.014431915826757,581.746240194786,-315.415398618223,-0.881355199254723,11.1111111111111,0.0194598219967798
583.128068963811,-311.308440257632,-0.840060580821,11.1111111111111,0.0156717414474187,582.453007240269,-316.272712592378,-0.904663381795255,11.1111111111111,0.020855858768745
583.86963121046,-312.135851934298,-0.858987060618218,11.1111111111111,0.0168962665385198,583.139596682975,-317.146259293392,-0.929605215802386,11.1111111111111,0.0221651794848975
584.595402029008,-312.977150257905,-0.87977980899139,11.1111111111111,0.0181081090435758,583.80418760305,-318.036658157221,-0.957885045615134,11.1111111111111,0.0232911458733461
585.303523115248,-313.833354951217,-0.90171036068506,11.1111111111111,0.0192707058979743,584.443332545342,-318.945488359723,-0.986116043721922,11.1111111111111,0.0241600017693846
585.992694363753,-314.704876910841,-0.924825631056291,11.1111111111111,0.0203378507349875,585.056563874657,-319.871989931895,-1.0146689099185,11.1111111111111,0.0248015147840822
586.661533201629,-315.592088866963,-0.949298572724091,11.1111111111111,0.0212610409707694,585.643097957007,-320.815626444748,-1.04491426701203,11.1111111111111,0.0252179517653445
587.30845753223,-316.495396794924,-0.975063273083273,11.1111111111111,0.0220229115404577,586.200827482748,-321.776568556912,-1.07355586979355,11.1111111111111,0.0254058890387641
587.931894096529,-317.415067682692,-1.00146747742645,11.1111111111111,0.02260173364883,586.730806057368,-322.753083022293,-1.10211072877196,11.1111111111111,0.0254784466610673
588.530833900655,-318.350878852682,-1.02791297309258,11.1111111111111,0.0230023724830257,587.232690945769,-323.744336355818,-1.13232699787252,11.1111111111111,0.0255106436889709
589.104821532843,-319.302204130747,-1.0543584538515,11.1111111111111,0.0232346297969728,587.704399285994,-324.750299923557,-1.16099768798491,11.1111111111111,0.0254935283084524
589.653456543933,-320.268380368167,-1.08145003858865,11.1111111111111,0.0233336280917609,588.147073602302,-325.769366787712,-1.1895525476027,11.1111111111111,0.0254900579705481
590.175718478115,-321.249064182707,-1.10797209325128,11.1111111111111,0.0233512284808431,588.560474328898,-326.800662562123,-1.21973972869784,11.1111111111111,0.0255103613596145
590.671787250851,-322.243247351535,-1.13441758626275,11.1111111111111,0.0233345703611412,588.942559500624,-327.843965916498,-1.24843950617802,11.1111111111111,0.0254938551720548
591.141391828927,-323.250195560579,-1.1608630894209,11.1111111111111,0.0233072027759817,589.294546994008,-328.897798289354,-1.27699436641099,11.1111111111111,0.0254900822989327
591.584204964346,-324.269206648026,-1.18730859668568,11.1111111111111,0.0232923871639772,589.61630471667,-329.961256155925,-1.30715245948918,11.1111111111111,0.0255100191369369
591.999917984551,-325.299570092001,-1.21375410201591,11.1111111111111,0.0232964960566812,589.905849109563,-331.033932500819,-1.33588132437337,11.1111111111111,0.0254941819195135
592.388241005288,-326.340567500661,-1.24019959937094,11.1111111111111,0.0233226128217806,590.164460170625,-332.11447784215,-1.36443618519757,11.1111111111111,0.0254901065094938
592.74890313057,-327.391473107694,-1.26664508271042,11.1111111111111,0.0233449408731557,590.392116309984,-333.201971698515,-1.39456519024772,11.1111111111111,0.0255096767948536
593.08165263961,-328.451554272883,-1.29362998883016,11.1111111111111,0.0233560227622044,590.586908965197,-334.295829945858,-1.42332314257116,11.1111111111111,0.0254945085508003
593.38567870529,-329.520229094676,-1.3202587203547,11.1111111111111,0.0233533976176746,590.750167491582,-335.394831596217,-1.45187800396289,11.1111111111111,0.0254901306021886
593.661141642148,-330.596615023495,-1.34670421135678,11.1111111111111,0.023337420812351,590.881982517215,-336.498051679496,-1.48197792097476,11.1111111111111,0.0255093343333298
593.908044822951,-331.679903216968,-1.37314971339717,11.1111111111111,0.0233113863672291,590.980536010189,-337.604738997162,-1.51076496077202,11.1111111111111,0.0254948350659058
594.126216305005,-332.769338321742,-1.39959522043576,11.1111111111111,0.0232938433164997,591.047194506375,-338.713799268531,-1.53931982270668,11.1111111111111,0.0254901545770792
594.315504065634,-333.864160726459,-1.4260407264315,11.1111111111111,0.0232954360586719,591.082161228613,-339.824315651813,-1.56939065167232,11.1111111111111,0.0255089917524185
594.475776106988,-334.963607085708,-1.45248622534397,11.1111111111111,0.023318448568895,591.083723026908,-340.935381246593,-1.59820677897607,11.1111111111111,0.0254951614647992
594.606920547098,-336.066910846537,-1.47893171113214,11.1111111111111,0.0233419419403851,591.053272136591,-342.046025590653,-1.62676164142994,11.1111111111111,0.0254901784341191
594.70884569712,-337.173302777167,-1.50580993896236,11.1111111111111,0.0233548518437308,590.991123402368,-343.155352597655,-1.65680338234081,11.1111111111111,0.0255086490521379
594.780999921405,-338.28203682802,-1.53254534783038,11.1111111111111,0.0233543163593446,590.895681611811,-344.262312246241,-1.68564859718389,11.1111111111111,0.0254954877475262
594.823489282884,-339.392299572052,-1.55899083669127,11.1111111111111,0.0233402701021042,590.768354010029,-345.366054009954,-1.7142034601328,11.1111111111111,0.0254902021733141
594.836605700876,-340.503291875429,-1.58543633748235,11.1111111111111,0.0233155688048969,590.609564743984,-346.465715055642,-1.74421611298223,11.1111111111111,0.0255083062324918
594.820340259371,-341.614239113048,-1.61188184416308,11.1111111111111,0.0232952983045449,590.41784819925,-347.560115890859,-1.773090415396,11.1111111111111,0.0254958139139655
594.774704412357,-342.724366695092,-1.63832735069293,11.1111111111111,0.023294374770776,590.19461681452,-348.648521164549,-1.80164527881566,11.1111111111111,0.0254902257946567
594.69972997586,-343.832900601304,-1.6647728510308,11.1111111111111,0.0233142828697172,589.940400389753,-349.730113526271,-1.83162884359739,11.1111111111111,0.0255079632934718
594.595469105993,-344.93906791486,-1.69121833913657,11.1111111111111,0.023338941692133,589.653873088687,-350.803598583858,-1.86053223361245,11.1111111111111,0.025496139964219
594.461994263056,-346.04209735549,-1.71798988905068,11.1111111111111,0.0233536797149227,589.33644366873,-351.868350646272,-1.88908709747915,11.1111111111111,0.025490249298148
594.299040446916,-347.141162157296,-1.74483197569747,11.1111111111111,0.0233552339345489,588.98874263494,-352.923609670472,-1.91904157418795,11.1111111111111,0.0255076202351218
594.106648176308,-348.235454733588,-1.7712774622858,11.1111111111111,0.023343118229177,588.609592559133,-353.967981703517,-1.94797405183399,11.1111111111111,0.0254964658981782
593.885388663732,-349.324271397156,-1.79772296169585,11.1111111111111,0.0233197500872178,588.200390637001,-355.000944571433,-1.97652891612322,11.1111111111111,0.0254902726838423
593.635416420407,-350.406853036386,-1.82416846788711,11.1111111111111,0.023296752127328,587.761861876863,-356.021806825337,-2.00645430475529,11.1111111111111,0.0255072770574801
593.356905862714,-351.482444866666,-1.85061397481936,11.1111111111111,0.0232933121935609,587.292984283837,-357.029090899084,-2.03541587006063,11.1111111111111,0.0254967917158881
593.050051191821,-352.550296950971,-1.87705947645128,11.1111111111111,0.0233101157261831,586.795136644025,-358.022371495875,-2.06397073474881,11.1111111111111,0.0254902959516902
592.715066259727,-353.60966471713,-1.90350496674257,11.1111111111111,0.0233359401297425,586.26913107123,-359.001036381583,-2.09386703530039,11.1111111111111,0.0255069337604533
592.352184421813,-354.659809471409,-1.93016983916064,11.1111111111111,0.0233525063762884,585.714106385822,-359.963540770629,-2.12285768829316,11.1111111111111,0.0254971174173624
591.961431285969,-355.699910226939,-1.95711860397585,11.1111111111111,0.0233561503428532,585.131417171999,-360.90954923874,-2.15141255335586,11.1111111111111,0.0254903191016174
591.542794693598,-356.729102563652,-1.9835640881595,11.1111111111111,0.0233459651923278,584.521954126082,-361.838538598939,-2.18127976582507,11.1111111111111,0.0255065903441894
591.097092744861,-357.746859383453,-2.01000958605714,11.1111111111111,0.0233239302123423,583.885020599855,-362.748913521813,-2.21029950653168,11.1111111111111,0.0254974430025045
590.624636439906,-358.752471176852,-2.03645509162727,11.1111111111111,0.0232982047841511,583.221942246764,-363.64042121829,-2.23885437194504,11.1111111111111,0.0254903421337855
590.12575532527,-359.745236858744,-2.06290059883037,11.1111111111111,0.0232922483275404,582.533678780387,-364.512636478122,-2.26869249633011,11.1111111111111,0.0255062468086248
589.600797266494,-360.724464251943,-2.08934610162455,11.1111111111111,0.0233059471401884,581.819700127832,-365.363930220733,-2.29774132477672,11.1111111111111,0.0254977684713622
589.050128208176,-361.689470564602,-2.11579159396992,11.1111111111111,0.0233329372545399,581.081299339486,-366.19412495266,-2.32629619051665,11.1111111111111,0.0254903650480774
588.474131921597,-362.639582861185,-2.14234978935793,11.1111111111111,0.0233513318283176,580.319494632847,-367.002901361108,-2.35610522681724,11.1111111111111,0.0255059031538117
587.873105302512,-363.574069383797,-2.16940523268428,11.1111111111111,0.0233570655838931,579.533922891519,-367.788613360527,-2.3851831430286,11.1111111111111,0.0254980938239232
587.247019301645,-364.491954087042,-2.19585071433241,11.1111111111111,0.0233488109903683,578.725841925649,-368.551151438287,-2.413738009071,11.1111111111111,0.0254903878445248
586.596885108749,-365.392957132313,-2.22229621058538,11.1111111111111,0.0233281091785761,577.896317099942,-369.290308994632,-2.44351795728782,11.1111111111111,0.0255055593796996
585.923156247327,-366.276450473484,-2.2487417154033,11.1111111111111,0.023299656274274,577.045150998132,-370.004439477825,-2.47262496128772,11.1111111111111,0.0254984190601297
585.226302595576,-367.141818207864,-2.27518722274505,11.1111111111111,0.0232911831733911,576.173564552722,-370.693494188468,-2.50117982760863,11.1111111111111,0.0254904105230774
584.506810062217,-367.98845700096,-2.30163272657026,11.1111111111111,0.0233017771136514,575.282658189718,-371.357384864654,-2.53093068774276,11.1111111111111,0.0255052154863822
583.765180251315,-368.815776502607,-2.32807822083812,11.1111111111111,0.0233299330679146,574.372397339562,-371.994480663154,-2.56006677955466,11.1111111111111,0.0254987441799866
583.001930116339,-369.623199754179,-2.35452973970785,11.1111111111111,0.02335015607159,573.443965370909,-372.604786793444,-2.58862164612978,11.1111111111111,0.0254904330838675
582.217586914546,-370.41015878454,-2.38169186184269,11.1111111111111,0.0233579796573022,572.498485078543,-373.188337691547,-2.61834341818381,11.1111111111111,0.0255048714738446
581.4121602172,-371.175525692012,-2.40813734082331,11.1111111111111,0.0233516556220661,571.536080344359,-373.743533882197,-2.64750859782968,11.1111111111111,0.0254990691834698
580.586782297744,-371.91932280403,-2.43458283530048,11.1111111111111,0.0233322869840742,570.557897177184,-374.270427951155,-2.67606346463498,11.1111111111111,0.0254904555267439
579.742028837312,-372.641031740926,-2.4610283392341,11.1111111111111,0.0233039464201825,569.565067571246,-374.769180066157,-2.70575614861208,11.1111111111111,0.0255045273420713
578.878488945547,-373.340149440162,-2.48747384658335,11.1111111111111,0.0232913288419401,568.557867992085,-375.238237119972,-2.73495041611304,11.1111111111111,0.0254993940706276
577.9967647542,-374.016188503241,-2.51391935130761,11.1111111111111,0.023297498809737,567.537408110546,-375.677693013477,-2.76350528312461,11.1111111111111,0.0254904778518108
577.097471001788,-374.668677531858,-2.54036484736628,11.1111111111111,0.023325836845914,566.504815609951,-376.087835305174,-2.79316887902898,11.1111111111111,0.0255041830911178
576.181234609602,-375.297161453064,-2.56681032871864,11.1111111111111,0.0233472625015596,565.460512281673,-376.467171460644,-2.82239223440531,11.1111111111111,0.0254997188413683
575.248694249342,-375.901201833231,-2.59387785241196,11.1111111111111,0.0233569287517762,564.40557321551,-376.815831195809,-2.85094710159898,11.1111111111111,0.0254905000590342
574.300146900651,-376.479782902272,-2.62042396765179,11.1111111111111,0.0233526852939705,563.341108072988,-377.134229709489,-2.88058160943578,11.1111111111111,0.0255038387209457
573.336581651295,-377.032979859805,-2.64686946022154,11.1111111111111,0.0233352133725939,562.267675418366,-377.420948323119,-2.90983405270677,11.1111111111111,0.0255000434957755
572.358729984625,-377.560501958686,-2.67331496313934,11.1111111111111,0.023308146472136,561.186318160584,-377.67614770736,-2.93838892005858,11.1111111111111,0.0254905221483527
571.367273787311,-378.061981567106,-2.69976047036435,11.1111111111111,0.023292715696135,560.098114171734,-377.900369520749,-2.9679943398339,11.1111111111111,0.02550349423166
570.362904374891,-378.537069109672,-2.72620597585616,11.1111111111111,0.0232962570902315,559.003749047076,-378.092281185989,-2.99727587101801,11.1111111111111,0.0255003680337156
569.346322014922,-378.985433308478,-2.75265147357406,11.1111111111111,0.0233216737144429,557.90423645845,-378.252070174723,-3.02583073850372,11.1111111111111,0.0254905441198789
568.318235443979,-379.406761411622,-2.77909695747726,11.1111111111111,0.0233442645885201,556.800608809855,-378.38040198821,-3.05540707022455,11.1111111111111,0.0255031496231933
567.279361378847,-379.800759409002,-2.80605780262312,11.1111111111111,0.0233557587710367,555.693667913103,-378.476041253874,-3.08471768933924,11.1111111111111,0.0255006924552193
566.230241978132,-380.166609265636,-2.8327105948375,11.1111111111111,0.0233536049387788,554.584401584169,-378.539198851289,-3.11327255693487,11.1111111111111,0.0254905659735037
565.171749987031,-380.504369077625,-2.85915608536814,11.1111111111111,0.023338063561922,553.473783315488,-378.570660079382,3.14036550657044,11.1111111111111,0.0255028048955844
564.104702190422,-380.814020183366,-2.88560158713839,11.1111111111111,0.0233123298033496,552.362719373767,-378.569296639893,3.11102579950874,11.1111111111111,0.0255010167603419
563.029842631327,-381.095346890742,-2.91204709410762,11.1111111111111,0.023294171586098,551.25217542674,-378.535340228928,3.08247093182721,11.1111111111111,0.0254905877093217
561.947920764946,-381.348153145514,-2.93849260023537,11.1111111111111,0.0232951968012805,550.143052992278,-378.469690492913,3.05295277619054,11.1111111111111,0.0255024600488396
560.859690941716,-381.57226266649,-2.96493809948076,11.1111111111111,0.0233175091351736,549.036350216166,-378.371334764926,3.02358398116626,11.1111111111111,0.0255013409489919
559.765911886998,-381.767519067127,-2.99138358580332,11.1111111111111,0.0233412653589066,547.933014537336,-378.24052379517,2.995029113423,11.1111111111111,0.0254906093272525
558.667346177768,-381.933785963467,-3.0182377527396,11.1111111111111,0.0233545875795676,546.833862959482,-378.078264759712,2.96554004581403,11.1111111111111,0.0255021150830177
557.564709412537,-382.070495728347,-3.04499722239981,11.1111111111111,0.0233545234173644,545.739972256869,-377.883667802531,2.93614216281267,11.1111111111111,0.025501756538021
556.458813223536,-382.17765374069,-3.07144271075955,11.1111111111111,0.0233409125895971,544.652275654379,-377.657001807858,2.90758729503157,11.1111111111111,0.0253542009027333
555.35047601703,-382.255531319857,-3.09788821125075,11.1111111111111,0.0233165119806107,543.571493764407,-377.399373347522,2.87812731543963,11.1111111111111,0.0244332671984752
554.240470580509,-382.304074399417,-3.12433371783262,11.1111111111111,0.0232956263113743,542.498768208662,-377.110021127919,2.8487003444473,11.1111111111111,0.022359461600216
553.129570853889,-382.323249250345,3.13240608271502,11.1111111111111,0.0232941352225137,541.435021991133,-376.789232089011,2.82014215646039,11.1111111111111,0.019111610919423
552.018551395692,-382.313042504222,3.10596058207367,11.1111111111111,0.02331334311002,540.380869455231,-376.438199326494,2.7956599597267,11.1111111111111,0.015013448425349
550.908186848798,-382.273461162448,3.07951509346353,11.1111111111111,0.0233382648141481,539.335590973732,-376.06145373746,2.79252680319092,11.1111111111111,0.0105806495935071
549.799251406134,-382.204532591489,3.0527676043525,11.1111111111111,0.0233534151778152,538.291488061748,-375.681431355987,2.79252680319093,11.1111111111111,0.00642083561994953
548.69255228212,-382.105970636553,3.02590145682156,11.1111111111111,0.0233554407293979,537.247385149764,-375.301408974514,2.79252680319092,11.1111111111111,0.00311670114662482
547.588902809335,-381.97771538822,2.99945597076422,11.1111111111111,0.0233437604542093,536.203282237779,-374.921386593041,2.79252680319098,11.1111111111111,0.00100708332492403
546.489036720931,-381.820322714385,2.97301047168377,11.1111111111111,0.0233206930020592,535.159179325795,-374.541364211568,2.79252680319087,11.1111111111111,0
545.393720846152,-381.633902602367,2.94656496562101,11.1111111111111,0.0232970798712534,534.11507641381,-374.161341830095,2.79252680319096,11.1111111111111,0
544.303718855162,-381.41858516307,2.92011945861631,11.1111111111111,0.0232921763650778,533.070973501826,-373.781319448622,2.79252680319088,11.1111111111111,0
543.219790732315,-381.174520541164,2.89367395671066,11.1111111111111,0.0231104130277719,532.026870589842,-373.401297067149,2.79252680319092,11.1111111111111,0
542.142692251966,-380.901878811517,2.86722846594458,11.1111111111111,0.0221441531056264,530.982767677857,-373.021274685676,2.79252680319096,11.1111111111111,0
541.073174457168,-380.600849861934,2.8405876542286,11.1111111111111,0.0200931334674167,529.938664765873,-372.641252304203,2.79252680319093,11.1111111111111,0
540.01205018307,-380.271436820177,2.81364658981707,11.1111111111111,0.0169991730575625,528.894561853889,-372.26122992273,2.79252680319093,11.1111111111111,0
538.960185652142,-379.913559302626,2.79415458700378,11.1111111111111,0.0131751479518573,527.850458941904,-371.881207541257,2.79252680319092,11.1111111111111,0
537.915467754837,-379.535237803576,2.79252680319096,11.1111111111111,0.00912150262534078,526.80635602992,-371.501185159784,2.79252680319096,11.1111111111111,0
536.871364842852,-379.155215422103,2.79252680319093,11.1111111111111,0.00540351943132133,525.762253117936,-371.121162778311,2.79252680319093,11.1111111111111,0
535.827261930868,-378.77519304063,2.79252680319088,11.1111111111111,0.00251170702446,524.718150205951,-370.741140396838,2.79252680319092,11.1111111111111,0
534.783159018884,-378.395170659157,2.79252680319096,11.1111111111111,0,523.674047293967,-370.361118015365,2.79252680319092,11.1111111111111,0
533.739056106899,-378.015148277684,2.79252680319088,11.1111111111111,0,522.629944381983,-369.981095633892,2.79252680319088,11.1111111111111,0
532.694953194915,-377.635125896211,2.79252680319093,11.1111111111111,0,521.585841469998,-369.601073252419,2.79252680319092,11.1111111111111,0
531.650850282931,-377.255103514738,2.79252680319093,11.1111111111111,0,520.541738558014,-369.221050870946,2.79252680319098,11.1111111111111,0
530.606747370946,-376.875081133265,2.79252680319093,11.1111111111111,0,519.49763564603,-368.841028489474,2.79252680319092,11.1111111111111,0
529.562644458962,-376.495058751793,2.79252680319096,11.1111111111111,0,518.453532734045,-368.461006108001,2.79252680319093,11.1111111111111,0
528.518541546978,-376.11503637032,2.79252680319088,11.1111111111111,0,517.409429822061,-368.080983726528,2.79252680319096,11.1111111111111,0
527.474438634993,-375.735013988847,2.79252680319093,11.1111111111111,0,516.365326910077,-367.700961345055,2.79252680319088,11.1111111111111,0
526.430335723009,-375.354991607374,2.79252680319093,11.1111111111111,0,515.321223998092,-367.320938963582,2.79252680319093,11.1111111111111,0
525.386232811025,-374.974969225901,2.79252680319093,11.1111111111111,0,514.277121086108,-366.940916582109,2.79252680319096,11.1111111111111,0
524.342129899041,-374.594946844428,2.79252680319092,11.1111111111111,0,513.233018174124,-366.560894200636,2.79252680319096,11.1111111111111,0
523.298026987056,-374.214924462955,2.79252680319093,11.1111111111111,0,512.188915262139,-366.180871819163,2.7925268031909,11.1111111111111,0
522.253924075072,-373.834902081482,2.79252680319093,11.1111111111111,0,511.144812350155,-365.80084943769,2.7925268031909,11.1111111111111,0
521.209821163088,-373.454879700009,2.79252680319093,11.1111111111111,0,510.10070943817,-365.420827056217,2.79252680319095,11.1111111111111,0
520.165718251103,-373.074857318536,2.79252680319092,11.1111111111111,0,509.056606526186,-365.040804674744,2.79252680319092,11.1111111111111,0
519.121615339119,-372.694834937063,2.79252680319093,11.1111111111111,0,508.012503614202,-364.660782293271,2.79252680319093,11.1111111111111,0
518.077512427135,-372.31481255559,2.79252680319093,11.1111111111111,0,506.968400702217,-364.280759911798,2.79252680319095,11.1111111111111,0
517.03340951515,-371.934790174117,2.79252680319093,11.1111111111111,0,505.924297790233,-363.900737530325,2.79252680319092,11.1111111111111,0
515.989306603166,-371.554767792644,2.79252680319093,11.1111111111111,0,504.880194878249,-363.520715148852,2.7925268031909,11.1111111111111,0
514.945203691182,-371.174745411171,2.79252680319092,11.1111111111111,0,503.836091966264,-363.140692767379,2.79252680319096,11.1111111111111,0
513.901100779197,-370.794723029698,2.79252680319092,11.1111111111111,0,502.79198905428,-362.760670385906,2.79252680319092,11.1111111111111,0
512.856997867213,-370.414700648225,2.79252680319103,11.1111111111111,0,501.747886142296,-362.380648004433,2.79252680319093,11.1111111111111,0
511.812894955229,-370.034678266752,2.79252680319088,11.1111111111111,0,500.703783230311,-362.00062562296,2.79252680319093,11.1111111111111,0
510.768792043244,-369.654655885279,2.79252680319093,11.1111111111111,0,499.659680318327,-361.620603241487,2.7925268031909,11.1111111111111,0
509.72468913126,-369.274633503806,2.7925268031909,11.1111111111111,0,498.615577406343,-361.240580860014,2.79252680319096,11.1111111111111,0
508.680586219276,-368.894611122333,2.79252680319095,11.1111111111111,0,497.571474494358,-360.860558478541,2.7925268031909,11.1111111111111,0
507.636483307291,-368.514588740861,2.79252680319093,11.1111111111111,0,496.527371582374,-360.480536097068,2.79252680319095,11.1111111111111,0
506.592380395307,-368.134566359388,2.79252680319095,11.1111111111111,0,495.48326867039,-360.100513715595,2.79252680319092,11.1111111111111,0
505.548277483323,-367.754543977915,2.79252680319093,11.1111111111111,0,494.439165758405,-359.720491334122,2.79252680319095,11.1111111111111,0
504.504174571339,-367.374521596442,2.79252680319093,11.1111111111111,0,493.395062846421,-359.340468952649,2.79252680319095,11.1111111111111,0
503.460071659354,-366.994499214969,2.79252680319092,11.1111111111111,0,492.350959934437,-358.960446571176,2.79252680319092,11.1111111111111,0
502.41596874737,-366.614476833496,2.79252680319096,11.1111111111111,0,491.306857022452,-358.580424189703,2.79252680319091,11.1111111111111,0
501.371865835386,-366.234454452023,2.7925268031909,11.1111111111111,0,490.262754110468,-358.20040180823,2.79252680319092,11.1111111111111,0
500.327762923401,-365.85443207055,2.79252680319093,11.1111111111111,0,489.218651198484,-357.820379426757,2.7925268031909,11.1111111111111,0
499.283660011417,-365.474409689077,2.7925268031909,11.1111111111111,0,488.174548286499,-357.440357045284,2.79252680319095,11.1111111111111,0
498.239557099433,-365.094387307604,2.79252680319093,11.1111111111111,0,487.130445374515,-357.060334663812,2.79252680319095,11.1111111111111,0
497.195454187448,-364.714364926131,2.79252680319095,11.1111111111111,0,486.086342462531,-356.680312282339,2.7925268031909,11.1111111111111,0
496.151351275464,-364.334342544658,2.79252680319092,11.1111111111111,0,485.042239550546,-356.300289900866,2.79252680319093,11.1111111111111,0
495.10724836348,-363.954320163185,2.79252680319096,11.1111111111111,0,483.998136638562,-355.920267519393,2.79252680319093,11.1111111111111,0
494.063145451495,-363.574297781712,2.7925268031909,11.1111111111111,0,482.954033726577,-355.54024513792,2.79252680319096,11.1111111111111,0
493.019042539511,-363.194275400239,2.79252680319093,11.1111111111111,0,481.909930814593,-355.160222756447,2.79252680319093,11.1111111111111,0
491.974939627527,-362.814253018766,2.79252680319093,11.1111111111111,0,480.865827902609,-354.780200374974,2.7925268031909,11.1111111111111,0
490.930836715543,-362.434230637293,2.79252680319092,11.1111111111111,0,479.821724990624,-354.400177993501,2.79252680319093,11.1111111111111,0
489.886733803558,-362.05420825582,2.79252680319091,11.1111111111111,0,478.77762207864,-354.020155612028,2.79252680319091,11.1111111111111,0
488.842630891574,-361.674185874347,2.79252680319095,11.1111111111111,0,477.733519166656,-353.640133230555,2.79252680319096,11.1111111111111,0
487.79852797959,-361.294163492874,2.7925268031909,11.1111111111111,0,476.689416254671,-353.260110849082,2.7925268031909,11.1111111111111,0
486.754425067605,-360.914141111401,2.79252680319096,11.1111111111111,0,475.645313342687,-352.880088467609,2.79252680319088,11.1111111111111,0
485.710322155621,-360.534118729929,2.79252680319092,11.1111111111111,0,474.601210430703,-352.500066086136,2.79252680319096,11.1111111111111,0
484.666219243637,-360.154096348456,2.79252680319096,11.1111111111111,0,473.557107518718,-352.120043704663,2.79252680319088,11.1111111111111,0
483.622116331652,-359.774073966983,2.7925268031909,11.1111111111111,0,472.513004606734,-351.74002132319,2.79252680319095,11.1111111111111,0
482.578013419668,-359.39405158551,2.7925268031909,11.1111111111111,0,471.46890169475,-351.359998941717,2.79252680319092,11.1111111111111,0
481.533910507684,-359.014029204037,2.79252680319096,11.1111111111111,0,470.424798782765,-350.979976560244,2.79252680319096,11.1111111111111,0
480.489807595699,-358.634006822564,2.79252680319096,11.1111111111111,0,469.380695870781,-350.599954178771,2.79252680319089,11.1111111111111,0
479.445704683715,-358.253984441091,2.79252680319088,11.1111111111111,0,468.336592958797,-350.219931797298,2.79252680319095,11.1111111111111,0
478.401601771731,-357.873962059618,2.79252680319093,11.1111111111111,0,467.292490046812,-349.839909415825,2.79252680319093,11.1111111111111,0
477.357498859746,-357.493939678145,2.7925268031909,11.1111111111111,0,466.248387134828,-349.459887034352,2.79252680319096,11.1111111111111,0
476.313395947762,-357.113917296672,2.79252680319096,11.1111111111111,0,465.204284222844,-349.079864652879,2.79252680319091,11.1111111111111,0
475.269293035778,-356.733894915199,2.79252680319093,11.1111111111111,0,464.160181310859,-348.699842271406,2.7925268031909,11.1111111111111,0
474.225190123793,-356.353872533726,2.79252680319096,11.1111111111111,0,463.116078398875,-348.319819889933,2.79252680319096,11.1111111111111,0
473.181087211809,-355.973850152253,2.7925268031909,11.1111111111111,0,462.071975486891,-347.93979750846,2.79252680319087,11.1111111111111,0
472.136984299825,-355.59382777078,2.79252680319093,11.1111111111111,0,461.027872574906,-347.559775126987,2.792526803191,11.1111111111111,0
471.092881387841,-355.213805389307,2.79252680319095,11.1111111111111,0,459.983769662922,-347.179752745514,2.79252680319091,11.1111111111111,0
470.048778475856,-354.833783007834,2.79252680319085,11.1111111111111,0,458.939666750938,-346.799730364042,2.79252680319089,11.1111111111111,0
469.004675563872,-354.453760626361,2.79252680319104,11.1111111111111,0,457.895563838953,-346.419707982568,2.79252680319098,11.1111111111111,0
467.960572651888,-354.073738244888,2.79252680319085,11.1111111111111,0,456.851460926969,-346.039685601096,2.7925268031909,11.1111111111111,0
466.916469739903,-353.693715863415,2.79252680319095,11.1111111111111,0,455.807358014985,-345.659663219623,2.79252680319092,11.1111111111111,0
465.872366827919,-353.313693481942,2.79252680319093,11.1111111111111,0,454.763255103,-345.27964083815,2.79252680319096,11.1111111111111,0
464.828263915935,-352.933671100469,2.7925268031909,11.1111111111111,0,453.719152191016,-344.899618456677,2.79252680319089,11.1111111111111,0
463.78416100395,-352.553648718996,2.79252680319098,11.1111111111111,0,452.675049279032,-344.519596075204,2.79252680319096,11.1111111111111,0
462.740058091966,-352.173626337524,2.7925268031909,11.1111111111111,0,451.630946367047,-344.139573693731,2.79252680319092,11.1111111111111,0
461.695955179982,-351.793603956051,2.79252680319095,11.1111111111111,0,450.586843455063,-343.759551312258,2.79252680319095,11.1111111111111,0
460.651852267997,-351.413581574578,2.79252680319086,11.1111111111111,0,449.542740543079,-343.379528930785,2.79252680319088,11.1111111111111,0
459.607749356013,-351.033559193105,2.79252680319096,11.1111111111111,0,448.498637631094,-342.999506549312,2.79252680319098,11.1111111111111,0
458.563646444029,-350.653536811632,2.792526803191,11.1111111111111,0,447.45453471911,-342.619484167839,2.79252680319088,11.1111111111111,0
457.519543532044,-350.273514430159,2.79252680319088,11.1111111111111,0,446.410431807126,-342.239461786366,2.79252680319095,11.1111111111111,0
456.47544062006,-349.893492048686,2.79252680319095,11.1111111111111,0,445.366328895141,-341.859439404893,2.79252680319095,11.1111111111111,0
455.431337708076,-349.513469667213,2.79252680319091,11.1111111111111,0,444.322225983157,-341.47941702342,2.79252680319093,11.1111111111111,0
454.387234796092,-349.13344728574,2.79252680319092,11.1111111111111,0,443.278123071173,-341.099394641947,2.79252680319092,11.1111111111111,0
453.343131884107,-348.753424904267,2.79252680319093,11.1111111111111,0,442.234020159188,-340.719372260474,2.7925268031909,11.1111111111111,0
452.299028972123,-348.373402522794,2.79252680319093,11.1111111111111,0,441.189917247204,-340.339349879001,2.79252680319098,11.1111111111111,0
451.254926060139,-347.993380141321,2.79252680319095,11.1111111111111,0,440.14581433522,-339.959327497528,2.79252680319087,11.1111111111111,0
450.210823148154,-347.613357759848,2.79252680319085,11.1111111111111,0,439.101711423235,-339.579305116055,2.79252680319096,11.1111111111111,0
449.16672023617,-347.233335378375,2.792526803191,11.1111111111111,0,438.057608511251,-339.199282734582,2.7925268031909,11.1111111111111,0
448.122617324186,-346.853312996902,2.79252680319086,11.1111111111111,0,437.013505599266,-338.819260353109,2.79252680319093,11.1111111111111,0
447.078514412201,-346.473290615429,2.79252680319101,11.1111111111111,0,435.969402687282,-338.439237971636,2.79252680319095,11.1111111111111,0
446.034411500217,-346.093268233956,2.79252680319088,11.1111111111111,0,434.925299775298,-338.059215590163,2.7925268031909,11.1111111111111,0
444.990308588233,-345.713245852483,2.79252680319092,11.1111111111111,0,433.881196863314,-337.67919320869,2.79252680319095,11.1111111111111,0
443.946205676248,-345.33322347101,2.79252680319096,11.1111111111111,0,432.837093951329,-337.299170827217,2.79252680319092,11.1111111111111,0
442.902102764264,-344.953201089537,2.79252680319086,11.1111111111111,0,431.792991039345,-336.919148445744,2.79252680319096,11.1111111111111,0
441.85799985228,-344.573178708064,2.792526803191,11.1111111111111,0,430.748888127361,-336.539126064271,2.79252680319087,11.1111111111111,0
440.813896940295,-344.193156326591,2.79252680319085,11.1111111111111,0,429.704785215376,-336.159103682798,2.79252680319096,11.1111111111111,0
439.769794028311,-343.813133945118,2.79252680319098,11.1111111111111,0,428.660682303392,-335.779081301326,2.79252680319093,11.1111111111111,0
438.725691116327,-343.433111563646,2.7925268031909,11.1111111111111,0,427.616579391407,-335.399058919853,2.79252680319092,11.1111111111111,0
437.681588204342,-343.053089182173,2.79252680319096,11.1111111111111,0,426.572476479423,-335.01903653838,2.79252680319093,11.1111111111111,0
436.637485292358,-342.6730668007,2.7925268031909,11.1111111111111,0,425.528373567439,-334.639014156907,2.79252680319096,11.1111111111111,0
435.593382380374,-342.293044419227,2.79252680319095,11.1111111111111,0,424.484270655454,-334.258991775434,2.79252680319092,11.1111111111111,0
434.549279468389,-341.913022037754,2.7925268031909,11.1111111111111,0,423.44016774347,-333.878969393961,2.7925268031909,11.1111111111111,0
433.505176556405,-341.532999656281,2.79252680319093,11.1111111111111,0,422.396064831486,-333.498947012488,2.79252680319095,11.1111111111111,0
432.461073644421,-341.152977274808,2.792526803191,11.1111111111111,0,421.351961919501,-333.118924631015,2.79252680319093,11.1111111111111,0
431.416970732436,-340.772954893335,2.79252680319086,11.1111111111111,0,420.307859007517,-332.738902249542,2.79252680319095,11.1111111111111,0
430.372867820452,-340.392932511862,2.79252680319096,11.1111111111111,0,419.263756095533,-332.358879868069,2.79252680319095,11.1111111111111,0
429.328764908468,-340.012910130389,2.79252680319088,11.1111111111111,0,418.219653183548,-331.978857486596,2.79252680319087,11.1111111111111,0
428.284661996484,-339.632887748916,2.79252680319096,11.1111111111111,0,417.175550271564,-331.598835105123,2.79252680319096,11.1111111111111,0
427.240559084499,-339.252865367443,2.79252680319093,11.1111111111111,0,416.13144735958,-331.21881272365,2.79252680319091,11.1111111111111,0
426.196456172515,-338.87284298597,2.79252680319088,11.1111111111111,0,415.087344447595,-330.838790342177,2.79252680319092,11.1111111111111,0
425.152353260531,-338.492820604497,2.792526803191,11.1111111111111,0,414.043241535611,-330.458767960704,2.79252680319093,11.1111111111111,0
424.108250348546,-338.112798223024,2.7925268031909,11.1111111111111,0,412.999138623627,-330.078745579231,2.79252680319092,11.1111111111111,0
423.064147436562,-337.732775841551,2.7925268031909,11.1111111111111,0,411.955035711642,-329.698723197758,2.79252680319095,11.1111111111111,0
422.020044524578,-337.352753460078,2.79252680319096,11.1111111111111,0,410.910932799658,-329.318700816285,2.79252680319088,11.1111111111111,0
420.975941612593,-336.972731078605,2.79252680319092,11.1111111111111,0,409.866829887674,-328.938678434812,2.79252680319095,11.1111111111111,0
419.931838700609,-336.592708697132,2.79252680319095,11.1111111111111,0,408.822726975689,-328.558656053339,2.79252680319092,11.1111111111111,0
418.887735788625,-336.212686315659,2.79252680319088,11.1111111111111,0,407.778624063705,-328.178633671866,2.79252680319095,11.1111111111111,0
417.84363287664,-335.832663934186,2.79252680319095,11.1111111111111,0,406.734521151721,-327.798611290393,2.79252680319095,11.1111111111111,0
416.799529964656,-335.452641552713,2.79252680319091,11.1111111111111,0,405.690418239736,-327.41858890892,2.79252680319093,11.1111111111111,0
415.755427052672,-335.07261917124,2.79252680319095,11.1111111111111,0,404.646315327752,-327.038566527447,2.7925268031909,11.1111111111111,0
414.711324140687,-334.692596789768,2.79252680319095,11.1111111111111,0,403.602212415768,-326.658544145974,2.79252680319096,11.1111111111111,0
413.667221228703,-334.312574408295,2.79252680319093,11.1111111111111,0,402.558109503783,-326.278521764501,2.79252680319093,11.1111111111111,0
412.623118316719,-333.932552026822,2.7925268031909,11.1111111111111,0,401.514006591799,-325.898499383028,2.79252680319087,11.1111111111111,0
411.579015404734,-333.552529645349,2.79252680319096,11.1111111111111,0,400.469903679815,-325.518477001555,2.79252680319096,11.1111111111111,0
410.53491249275,-333.172507263876,2.79252680319092,11.1111111111111,0,399.42580076783,-325.138454620083,2.79252680319092,11.1111111111111,0
409.490809580766,-332.792484882403,2.7925268031909,11.1111111111111,0,398.381697855846,-324.75843223861,2.79252680319096,11.1111111111111,0
408.446706668782,-332.41246250093,2.792526803191,11.1111111111111,0,397.337594943862,-324.378409857137,2.7925268031909,11.1111111111111,0
407.402603756797,-332.032440119457,2.79252680319083,11.1111111111111,0,396.293492031877,-323.998387475664,2.79252680319095,11.1111111111111,0
406.358500844813,-331.652417737984,2.792526803191,11.1111111111111,0,395.249389119893,-323.618365094191,2.79252680319088,11.1111111111111,0
405.314397932829,-331.272395356511,2.79252680319088,11.1111111111111,0,394.205286207909,-323.238342712718,2.79252680319095,11.1111111111111,0
404.270295020844,-330.892372975038,2.79252680319095,11.1111111111111,0,393.161183295924,-322.858320331245,2.79252680319095,11.1111111111111,0
403.22619210886,-330.512350593565,2.79252680319095,11.1111111111111,0,392.11708038394,-322.478297949772,2.79252680319087,11.1111111111111,0
402.182089196876,-330.132328212092,2.7925268031909,11.1111111111111,0,391.072977471955,-322.098275568299,2.79252680319095,11.1111111111111,0
401.137986284891,-329.752305830619,2.79252680319091,11.1111111111111,0,390.028874559971,-321.718253186826,2.79252680319093,11.1111111111111,0
400.093883372907,-329.372283449146,2.79252680319095,11.1111111111111,0,388.984771647987,-321.338230805353,2.79252680319096,11.1111111111111,0
399.049780460923,-328.992261067673,2.79252680319093,11.1111111111111,0,387.940668736002,-320.95820842388,2.79252680319088,11.1111111111111,0
398.005677548938,-328.6122386862,2.7925268031909,11.1111111111111,0,386.896565824018,-320.578186042407,2.79252680319096,11.1111111111111,0
396.961574636954,-328.232216304727,2.79252680319095,11.1111111111111,0,385.852462912034,-320.198163660934,2.7925268031909,11.1111111111111,0
395.91747172497,-327.852193923254,2.79252680319091,11.1111111111111,0,384.808360000049,-319.818141279461,2.79252680319093,11.1111111111111,0
394.873368812986,-327.472171541781,2.79252680319096,11.1111111111111,0,383.764257088065,-319.438118897988,2.79252680319096,11.1111111111111,0
393.829265901001,-327.092149160308,2.7925268031909,11.1111111111111,0,382.720154176081,-319.058096516515,2.79252680319092,11.1111111111111,0.00275040993185271
392.785162989017,-326.712126778835,2.79252680319095,11.1111111111111,0,381.676051264096,-318.678074135042,2.79252680319095,11.1111111111111,0.00588138655519781
391.741060077032,-326.332104397363,2.79252680319095,11.1111111111111,0,380.631948352112,-318.298051753569,2.7910164412037,11.1111111111111,0.00990420758658592
390.696957165048,-325.95208201589,2.79252680319086,11.1111111111111,0,379.588422581329,-317.916453556541,2.76903850660127,11.1111111111111,0.0142876630245811
389.652854253064,-325.572059634417,2.79252680319101,11.1111111111111,0,378.553575490974,-317.512030688681,2.73991866608995,11.1111111111111,0.0184240494647985
388.608751341079,-325.192037252944,2.79252680319083,11.1111111111111,0,377.530945052283,-317.077650168412,2.7113637995763,11.1111111111111,0.0218231094469564
387.564648429095,-324.812014871471,2.79252680319101,11.1111111111111,0,376.521131338997,-316.614248632412,2.68163475104152,11.1111111111111,0.0241396284275347
386.520545517111,-324.431992489998,2.79252680319088,11.1111111111111,0,375.525537888431,-316.121035281748,2.6524768478171,11.1111111111111,0.0252650863235885
385.476442605127,-324.051970108525,2.79252680319095,11.1111111111111,0,374.544749080782,-315.599007563531,2.62392198106712,11.1111111111111,0.0254901805780367
384.432339693142,-323.671947727052,2.79252680319093,11.1111111111111,0,373.579262649622,-315.049189108967,2.59422202061013,11.1111111111111,0.0255046134389852
383.388236781158,-323.291925345579,2.79252680319095,11.1111111111111,0,372.630528744731,-314.470942162936,2.56503502953584,11.1111111111111,0.025499312809939
382.344133869174,-322.911902964106,2.7925268031909,11.1111111111111,0,371.699075975751,-313.865256151389,2.53648016257364,11.1111111111111,0.0254904722781821
381.300030957189,-322.531880582633,2.79252680319093,11.1111111111111,0.00282505642908609,370.785294286371,-313.233222072502,2.50680929019059,11.1111111111111,0.0255042692178263
380.255928045205,-322.15185820116,2.79252680319093,11.1111111111111,0.00582020101998024,369.890664560343,-312.574357101669,2.47759321124576,11.1111111111111,0.0254996376097993
379.211825133221,-321.771835819687,2.78986597147081,11.1111111111111,0.00956382009720974,369.015665252649,-311.889640951031,2.44903834409549,11.1111111111111,0.025490494514857
378.168742910903,-321.389038740166,2.76757479118032,11.1111111111111,0.0135630428789065,368.160570676988,-311.180220766135,2.41939655978133,11.1111111111111,0.0255039248774997
377.134478984473,-320.983097697022,2.7411293035829,11.1111111111111,0.0172851237636906,367.326876617275,-310.445768947641,2.39015139294668,11.1111111111111,0.0254999622932988
376.111316226792,-320.549952485214,2.7146838035532,11.1111111111111,0.0202728427025833,366.515016822878,-309.687254697284,2.36159652563219,11.1111111111111,0.0254905166337021
375.099967929276,-320.089905328572,2.6882382971317,11.1111111111111,0.0222423354176243,365.725143291678,-308.905869245363,2.33198382938117,11.1111111111111,0.0255035804180024
374.101139188636,-319.603277099925,2.66179279035931,11.1111111111111,0.0231575817401056,364.958751074246,-308.101438944368,2.30270957463797,11.1111111111111,0.0255002868603743
373.115526420577,-319.090407099713,2.63534728927647,11.1111111111111,0.0233119367413561,364.216234385126,-307.274922539914,2.27415470718348,11.1111111111111,0.0254905386346808
372.143816879443,-318.55165282196,2.60890179992401,11.1111111111111,0.0233372518270543,363.497617461088,-306.42754255885,2.24457109898876,11.1111111111111,0.0255032358393399
371.186688184165,-317.987389707744,2.5821903147196,11.1111111111111,0.0233530192165963,362.804379337819,-305.559276502529,2.2152677563193,11.1111111111111,0.0255006113110259
370.244967903466,-317.397762380656,2.55528816308413,11.1111111111111,0.0233557500608727,362.13687948305,-304.671073508054,2.18671288874887,11.1111111111111,0.0254905605178241
369.31945061321,-316.783018425464,2.52884267783348,11.1111111111111,0.0233447213521287,361.495010242118,-303.764174010986,2.1571583686028,11.1111111111111,0.025502891141537
368.410517386668,-316.14402013409,2.50239717925892,11.1111111111111,0.0233221038448586,360.880219852573,-302.838702382112,2.12782593799018,11.1111111111111,0.0255009356452563
367.518801816268,-315.481213247662,2.47595167340093,11.1111111111111,0.0232975701877615,360.292837344224,-301.895599721839,2.09927107032805,11.1111111111111,0.0254905822830905
366.644925553907,-314.795060010709,2.44950616630026,11.1111111111111,0.0232927133433912,359.7326204174,-300.936110520279,2.06974563822185,11.1111111111111,0.0255025463246038
365.789497882211,-314.086038852265,2.42306066399764,11.1111111111111,0.02330776878541,359.200972366191,-299.960500328557,2.04038411965054,11.1111111111111,0.025501259863028
364.953115294299,-313.354644055867,2.39661517253354,11.1111111111111,0.023334249525322,358.698195525268,-298.969704426803,2.01182925192058,11.1111111111111,0.0254906039305118
364.136361082318,-312.60138541866,2.37001036456858,11.1111111111111,0.0233518451969847,358.223911621568,-297.96495717857,1.98233290784452,11.1111111111111,0.0255022013885646
363.339930037742,-311.826662619444,2.34300153456591,11.1111111111111,0.0233566658120129,357.779465630001,-296.94665829634,1.9529423012998,11.1111111111111,0.0255015839643582
362.564712200765,-311.030715267143,2.31655605179377,11.1111111111111,0.0233475676594166,357.365136290242,-295.915740011971,1.92438743352592,11.1111111111111,0.025490625460083
361.810816680788,-310.214552472393,2.29011055480593,11.1111111111111,0.0233262833176947,356.980409487159,-294.873412198556,1.8949201774698,11.1111111111111,0.0255018563334063
361.078768919111,-309.378743477355,2.26366504964303,11.1111111111111,0.023299022187753,356.626559392894,-293.820200472936,1.86550048293735,11.1111111111111,0.0255019079492094
360.36907920691,-308.523871140828,2.23721954234587,11.1111111111111,0.0232916487520164,356.303843544485,-292.757037249104,1.83694561514394,11.1111111111111,0.0254906468717915
359.682242333337,-307.650531536162,2.2107740389549,11.1111111111111,0.0233035993880924,356.011613595892,-291.685093510553,1.80750744709616,11.1111111111111,0.0255015111591778
359.01873724426,-306.759333540105,2.18432854551082,11.1111111111111,0.0233312459115502,355.751061437335,-290.605011386409,1.77805866456313,11.1111111111111,0.0255022318175743
358.379026711879,-305.850898412862,2.15783041429344,11.1111111111111,0.0233506699683581,355.522425034858,-289.51772705762,1.74950379677404,11.1111111111111,0.0254906681656471
357.763606159022,-304.925827619422,2.13071490560636,11.1111111111111,0.0233575803956692,355.324924907963,-288.424358333193,1.72009471672219,11.1111111111111,0.025501165865867
357.173492752055,-303.984411845641,2.10426942544427,11.1111111111111,0.023350412800901,355.159660291281,-287.325653440363,1.69061684617657,11.1111111111111,0.0255025555694612
356.608482518101,-303.027727233872,2.07782393017479,11.1111111111111,0.0233304616305715,355.026850410759,-286.222556156798,1.66206197841599,11.1111111111111,0.0254906893416416
356.068969151768,-302.056440965105,2.05137842583876,11.1111111111111,0.0233019975010913,354.925589223736,-285.11611709646,1.63268198634666,11.1111111111111,0.0255008204535023
355.555328668346,-301.071230338678,2.02493291847647,11.1111111111111,0.0232912335549437,354.856874130061,-284.007179270163,1.60317502777729,11.1111111111111,0.0255028792048115
355.067919144534,-300.072782305058,1.99848741412883,11.1111111111111,0.0232993712060955,354.820905619071,-282.896698013612,1.57462016006921,11.1111111111111,0.0254907103997918
354.607080471492,-299.061792992015,1.97204191883656,11.1111111111111,0.0233276554754951,354.816657109764,-281.785643138582,1.54526925596823,11.1111111111111,0.0255004749220785
354.173134120371,-298.038967224476,1.94559643863997,11.1111111111111,0.0233485720290669,354.845016258586,-280.674940353942,1.51573320936501,11.1111111111111,0.0255032027236458
353.766382920492,-297.005018038426,1.91848230155219,11.1111111111111,0.0233574395958476,354.906163981461,-279.565560530418,1.48717834173344,11.1111111111111,0.025490731340059
353.387812285863,-295.960421132934,1.89198279876555,11.1111111111111,0.023352283088253,354.998960595249,-278.458379630609,1.45785652558566,11.1111111111111,0.0255001292716435
353.037054675743,-294.906166386436,1.86553730534616,11.1111111111111,0.0233339676150204,355.124177437588,-277.354393340491,1.42829139093914,11.1111111111111,0.0255035261259603
352.714298198421,-293.84301016843,1.83909180196843,11.1111111111111,0.0233063181994506,355.281974174963,-276.25459194169,1.39973652340826,11.1111111111111,0.0254907521625002
352.419767707884,-292.771693804109,1.81264629467282,11.1111111111111,0.0232920791780891,355.471106816985,-275.159745203654,1.37044379519741,11.1111111111111,0.025499783502192
352.153668488585,-291.692964272946,1.78620078950019,11.1111111111111,0.0232967199795497,355.692225188943,-274.070905573588,1.34084957249943,11.1111111111111,0.0255038494116944
351.916186113891,-290.607573693463,1.75975529249112,11.1111111111111,0.0233234929771961,355.945465207689,-272.989086402622,1.31229470509334,11.1111111111111,0.0254907728670514
351.707486318062,-289.51627880446,1.73330980968628,11.1111111111111,0.0233455746917022,356.229488661301,-271.914939763724,1.28303106480229,11.1111111111111,0.0254994376137529
351.527714881852,-288.419840443081,1.70630235127898,11.1111111111111,0.023356270144306,356.54482008536,-270.84956129845,1.25340775404548,11.1111111111111,0.0255041725808956
351.377617237803,-287.318946026934,1.67969617173831,11.1111111111111,0.02335320324247,356.891568351641,-269.793990754816,1.22485288678813,11.1111111111111,0.0254907934537544
351.256860431547,-286.214453456373,1.65325068030051,11.1111111111111,0.0233368183116309,357.268312321709,-268.748751977587,1.19561833439902,11.1111111111111,0.0254990916063202
351.165351732686,-285.107159296192,1.62680517801274,11.1111111111111,0.023310502034358,357.675448900029,-267.714970030794,1.16596593557675,11.1111111111111,0.0255044956335014
351.103154736506,-283.997835607598,1.60035967091535,11.1111111111111,0.0232935355767092,358.11305586507,-266.693713945254,1.1374110684924,11.1111111111111,0.0254908139225959
351.070312716678,-282.887255855293,1.57391416504938,11.1111111111111,0.0232956602543081,358.57964156172,-265.685369900398,1.10820560398607,11.1111111111111,0.0254987454798945
351.066848595464,-281.776194373981,1.54746866645532,11.1111111111111,0.0233193290302973,359.07547436298,-264.691078552467,1.07852411709318,11.1111111111111,0.0255048185695203
351.092764927892,-280.665425834267,1.52102318117365,11.1111111111111,0.0233425760372235,359.600596208583,-263.711940554489,1.0499692502055,11.1111111111111,0.0254908342735755
351.148043899919,-279.55572470834,1.49412240112919,11.1111111111111,0.0233550994817711,360.153458344672,-262.748196191778,1.02079287356244,11.1111111111111,0.0254983992345348
351.23315127376,-278.447909649785,1.46740954434292,11.1111111111111,0.0233541222306724,360.734201144054,-261.800987969896,0.991082298593985,11.1111111111111,0.0255051413889489
351.347817240672,-277.342767149365,1.44096405501852,11.1111111111111,0.0233396678470128,361.342825333146,-260.871449858612,0.962527431927396,11.1111111111111,0.0254908545066992
351.491665006493,-276.241048744591,1.41451855395223,11.1111111111111,0.0233146847160719,361.977739367386,-259.959669331992,0.933380143126468,11.1111111111111,0.0254980528702237
351.664594051857,-275.143522562589,1.38807304718485,11.1111111111111,0.0232949908109883,362.638957558417,-259.066777232941,0.903640480078944,11.1111111111111,0.0255054640917328
351.866483696345,-274.05095382016,1.36162754075701,11.1111111111111,0.0232945992390528,363.326433495417,-258.193941807247,0.875085613657477,11.1111111111111,0.0254908746219417
352.097193181785,-272.964104295984,1.3351820407095,11.1111111111111,0.0233151636366984,364.038547912966,-257.341092204036,0.84596741267699,11.1111111111111,0.025497706386978
352.356561769338,-271.883731805189,1.30873655308276,11.1111111111111,0.0233395760669512,364.775192370457,-256.509334462376,0.816198661547711,11.1111111111111,0.0255057866779153
352.644408850294,-270.810589676636,1.28194245103706,11.1111111111111,0.0233539276088049,365.536266937156,-255.699871247027,0.787643795395327,11.1111111111111,0.0254908946193294
352.960903999522,-269.745541230201,1.25512291656017,11.1111111111111,0.023355040052494,366.320140321024,-254.912469351183,0.758554682212643,11.1111111111111,0.0254973597848431
353.305845053175,-268.689365961774,1.22867742948055,11.1111111111111,0.0233425162199875,367.126585956514,-254.148197374572,0.728756842999854,11.1111111111111,0.0255061091474619
353.678591289792,-267.642686735527,1.20223192976752,11.1111111111111,0.0233188662427442,367.955443651962,-253.408291656989,0.70020197714059,11.1111111111111,0.0254909144988533
354.078882589113,-266.606233251039,1.17578642346169,11.1111111111111,0.0232964448801736,368.805086261953,-252.692354153223,0.671141951732171,11.1111111111111,0.0254970130637687
354.506439735816,-265.580728114442,1.14934091660374,11.1111111111111,0.0232935369343423,369.67517497726,-252.00140402246,0.641315024434905,11.1111111111111,0.0255064315003652
354.960964612176,-264.566886340035,1.12289541523427,11.1111111111111,0.0233109967983452,370.565482354921,-251.336709589661,0.612760158893008,11.1111111111111,0.0254909342605144
355.442140403689,-263.565414857108,1.09644992539417,11.1111111111111,0.0233365747822566,371.474401896411,-250.697707088915,0.583729221234037,11.1111111111111,0.0254966662238108
355.949631817543,-262.577012022316,1.06976250093712,11.1111111111111,0.0233527545259013,372.401489607286,-250.085354993038,0.553873205852598,11.1111111111111,0.0255067537365419
356.483319439558,-261.602499297184,1.04283628837044,11.1111111111111,0.0233559567075191,373.346443669923,-249.500950929851,0.525318340652006,11.1111111111111,0.0254909539043153
357.043049331297,-260.642710056379,1.01639080366733,11.1111111111111,0.023345363429303,374.307694902735,-248.943766167416,0.49631649071714,11.1111111111111,0.0254963192650256
357.627959292823,-259.698062426146,0.989945305439166,11.1111111111111,0.0233230466126705,375.284702273552,-248.414688114166,0.466431387252445,11.1111111111111,0.0255070758560698
358.237641283758,-258.769214910637,0.963499799726598,11.1111111111111,0.0232978977835524,376.277082456051,-247.915039992828,0.437876522417245,11.1111111111111,0.0254909734302269
358.871670092215,-257.856815056001,0.937054292569953,11.1111111111111,0.0232924733407363,377.283320264361,-247.443930518537,0.408903760180069,11.1111111111111,0.0254959800790974
359.529603628152,-256.961499003788,0.910608790010376,11.1111111111111,0.0233068285171184,378.30278676642,-247.002166627843,0.378989568634045,11.1111111111111,0.0255000216313761
360.210983228311,-256.083891052178,0.884163298088272,11.1111111111111,0.023333572184475,379.335010109336,-246.591092385545,0.350434704188357,11.1111111111111,0.0254262435668425
360.915333972546,-255.224603225349,0.857582550763879,11.1111111111111,0.0233515802335313,380.378545627097,-246.209658031121,0.32149102962146,11.1111111111111,0.0252572980297447
361.64227738041,-254.384334684583,0.830549659754415,11.1111111111111,0.0233568721953993,381.432686507766,-245.85858168425,0.291547463583743,11.1111111111111,0.0249179270855874
362.391666557005,-253.564022961382,0.804104177559455,11.1111111111111,0.0233482094737464,382.496865687768,-245.539222755278,0.263260926673461,11.1111111111111,0.024317813700843
363.162480062527,-252.763818544161,0.777658680947734,11.1111111111111,0.0233272258240338,383.569649949352,-245.25008993197,0.236042324520561,11.1111111111111,0.0234815344098776
363.954180259752,-251.984279170827,0.751213175959862,11.1111111111111,0.0232993495203843,384.649915047637,-244.990258030998,0.20955151637886,11.1111111111111,0.022419790447271
364.766215034668,-251.225948248842,0.724767668636427,11.1111111111111,0.0232914084588331,385.736688617716,-244.759129949701,0.186054727563953,11.1111111111111,0.0211340794115513
365.598018177354,-250.489354480482,0.698322165018228,11.1111111111111,0.0233026587949643,386.828592843801,-244.55359893663,0.164185339416929,11.1111111111111,0.0197176681344711
366.449009772539,-249.775011498179,0.671876671145856,11.1111111111111,0.0233305682749824,387.924738257105,-244.371993151235,0.142965907161935,11.1111111111111,0.0182632321456193
367.318596599571,-249.083417510222,0.645402600451543,11.1111111111111,0.0233504047322945,389.024494341831,-244.213685489063,0.124401537024127,11.1111111111111,0.0167792701694333
368.206191308433,-248.415080593655,0.618263030692762,11.1111111111111,0.0233577865156883,390.127000062893,-244.075820158509,0.107539701280167,11.1111111111111,0.015294778096765
369.111595120299,-247.771075909019,0.591817551137394,11.1111111111111,0.0233510543521285,391.23167736069,-243.95656341075,0.0919645123370376,11.1111111111111,0.0138340955602824
370.033705529015,-247.151241384797,0.565372056273762,11.1111111111111,0.0233314038750623,392.338081940941,-243.854525630216,0.0779629634325754,11.1111111111111,0.0123646757938266
370.971879443458,-246.556008946785,0.538926552142302,11.1111111111111,0.0233030035272936,393.445808909259,-243.76798855143,0.0660114857238459,11.1111111111111,0.0108978581519019
371.92546264059,-245.985793461478,0.512481044783614,11.1111111111111,0.023291282769553,394.554492307769,-243.694696224657,0.0556239100332881,11.1111111111111,0.00945358044779718
372.893790216761,-245.440992449996,0.486035540238399,11.1111111111111,0.0232984047426254,395.663879746729,-243.6329240363,0.046566226756554,11.1111111111111,0.00800613170295457
373.876187046343,-244.921985813934,0.459590044547436,11.1111111111111,0.0234154870337926,396.773783051076,-243.581202637487,0.0392606205518359,11.1111111111111,0.00727679798367905
374.871968247373,-244.429135573294,0.433144563751049,11.1111111111111,0.0235273461633279,397.884035626421,-243.537591022512,0.0336584511613345,11.1111111111111,0.00655498166986382
375.880439653908,-243.962785616701,0.406054487720579,11.1111111111111,0.0236361776558638,398.994515939778,-243.500199854009,0.0295844794935168,11.1111111111111,0.00584554600633813
376.901173529,-243.523922746648,0.379530924381772,11.1111111111111,0.0237453619651375,400.105140186813,-243.467333024385,0.0270096941444987,11.1111111111111,0.00512387484837403
377.93318144255,-243.112286869072,0.379530924381772,11.1111111111111,0.0238593417133896,401.215845868066,-243.437325906328,0.0270096941444987,11.1111111111111,0.00438642463907766
